"Record ID","Data Resource ID","Data Resource Name","Institution ID","Institution","Collection ID","Collection","Licence","Catalogue Number","Taxon Concept GUID","Scientific Name - original","Vernacular name - original","Scientific Name","Taxon Rank","Vernacular name","Kingdom","Phylum","Class","Order","Family","Genus","Species","Institution Code","Collection Code","Locality","Latitude - original","Longitude - original","Geodetic datum - original","Latitude","Longitude","Coordinate Uncertainty in Metres","Country - parsed","State - parsed","Minimum elevation in meters","Maximum elevation in meters","Minimum depth in meters","Maximum depth in meters","Individual count","Year","Month","Basis Of Record","Basis Of Record - original","Occurrence status","Sex","Taxonomic Quality","Location Quality","Collector","identified _ by","identified _ date","Record number","raw _ sampling _ protocol","event _ id","Occurrence status assumed to be present","Coordinates dont match supplied country","Country inferred from coordinates","First of the month","First of the year","Geodetic datum assumed WGS84","Identification date before occurrence date","Incomplete collection date","Invalid collection date","Min and max altitude reversed","Name not in national checklists","Supplied country not recognised","Collection code not recognised","Institution code not recognised","Type status not recognised","Supplied coordinates are zero","Zero latitude","Zero longitude"
"b2636830-635e-4d43-b116-4ac1a5d8fa34","dr324","Base de dados repatriados do tropicos.org","","","","","CC0","3000917","314074","Encholirium subsecundum Mez","","Encholirium subsecundum","species","","Plantae","Tracheophyta","Liliopsida","Poales","Bromeliaceae","Encholirium","Encholirium subsecundum","MO","MO","Outcrops in campo. Disturbed slope forest and adjacent rocky campo, Serra do Espinhaço at Lapinha, ca. 20 km N. of Sêrro on road (MG 2) to Diamantina.","","","","","","","Brazil","","","","","","1","1968","02","PreservedSpecimen","PreservedSpecimen","present","","true","","Howard S. Irwin|H. Maxwell|Dieter C. Wasshausen","F. Santos-Silva (RB)","2013-01-01","Irwin 20848","","","true","false","true","false","false","false","false","false","false","false","true","false","false","false","false","false","false","false"
"a1682f5e-8ef0-4862-8f51-ce7c0b11119f","dr286","Herbário do Estado ""Maria Eneyda P. Kaufmann Fidalgo"" - Coleção de Fanerógamas","in72","Instituto de Botânica de São Paulo","co156","Herbário Maria Eneyda P. Kaufmann Fidalgo","CC-BY-NC 4.0 (Int)","179858","314074","Encholirium subsecundum","","Encholirium subsecundum","species","","Plantae","Tracheophyta","Liliopsida","Poales","Bromeliaceae","Encholirium","Encholirium subsecundum","Instituto de Botânica","SP","Serra do Cipó, Km 106 ao longo da Rodovia Belo Horizonte - Conceição do Mato Dentro. Estrada da Usina. 8km da pousada.","","","","","","","Brasil","","","","","","","1982","02","PreservedSpecimen","PreservedSpecimen","present","","true","","Lewis, G; et al.","Forzza, RC","2001-01-01","CFSC7755","","","true","false","false","false","false","false","false","false","false","false","true","false","false","false","false","false","false","false"
"9c2acf50-baf8-4b5c-afee-ac3c76f113d0","dr263","Herbário da Escola Superior de Agricultura Luiz de Queiroz","in51","Escola Superior de Agricultura Luiz de Queiroz","co142","Herbário da ESALQ","CC-BY-NC 4.0 (Int)","100957","314074","Encholirium subsecundum","","Encholirium subsecundum","species","","Plantae","Tracheophyta","Liliopsida","Poales","Bromeliaceae","Encholirium","Encholirium subsecundum","Universidade de São Paulo","ESA","","","","","","","","Brasil","","","","","","","2007","02","PreservedSpecimen","PreservedSpecimen","present","","true","","Zappi, D.C.","","","802.0","","","true","false","false","false","false","false","false","false","false","false","true","false","false","false","false","false","false","false"
"9b92c4d0-e1c8-4250-99ec-d43acb9a6ace","dr216","Herbário RB - Rio de Janeiro Botanical Garden Herbarium Collection","in5","Instituto de Pesquisas Jardim Botânico do Rio de Janeiro","co125","Herbário RB","CC-BY 4.0 (Int)","RB00641816","314074","Encholirium subsecundum (Baker) Mez","","Encholirium subsecundum","species","","Plantae","Tracheophyta","Liliopsida","Poales","Bromeliaceae","Encholirium","Encholirium subsecundum","JBRJ","RB","","","","","","","","Brasil","","","","","","","1942","02","PreservedSpecimen","PreservedSpecimen","present","","true","","Walter Egler","R.C. Forzza","2001-01-01","","","","true","false","false","true","false","false","false","false","false","false","true","false","false","false","false","false","false","false"
"84b060a9-8594-4456-ac4e-4e1a26e8bb57","dr216","Herbário RB - Rio de Janeiro Botanical Garden Herbarium Collection","in5","Instituto de Pesquisas Jardim Botânico do Rio de Janeiro","co125","Herbário RB","CC-BY 4.0 (Int)","RB00515496","314074","Encholirium subsecundum (Baker) Mez","","Encholirium subsecundum","species","","Plantae","Tracheophyta","Liliopsida","Poales","Bromeliaceae","Encholirium","Encholirium subsecundum","JBRJ","RB","Santana do Pirapama. Fazenda Toucan Cipó, estrada para a captação.Serra do Cipó.","-19.0061111","-43.7555556","","-19.0061111","-43.7555556","","Brasil","","930.0","930.0","","","","2007","02","PreservedSpecimen","PreservedSpecimen","present","","true","true","D.C. Zappi; E. Miranda, V. C. Souza, J. P. Souza, J. G. Rando, M. Pinho-Ferreira, G. O. Romão, D. J. N. Hind, L. V. S. Jennings","-43.7555556","","802","","","true","false","false","false","false","true","false","false","false","false","true","false","false","false","false","false","false","false"
"6f2ca3a2-2b44-4b96-9f5a-e6bca73af677","dr216","Herbário RB - Rio de Janeiro Botanical Garden Herbarium Collection","in5","Instituto de Pesquisas Jardim Botânico do Rio de Janeiro","co125","Herbário RB","CC-BY 4.0 (Int)","RB01045027","314074","Encholirium subsecundum (Baker) Mez","","Encholirium subsecundum","species","","Plantae","Tracheophyta","Liliopsida","Poales","Bromeliaceae","Encholirium","Encholirium subsecundum","JBRJ","RB","Campos Rupestres, estrada para Vila Biribiri, Cachoeira da Sentinela. Parque Estadual de Biribiri","-18.1919444","-43.6280556","","-18.1919444","-43.6280556","","Brasil","","","","","","","2014","02","PreservedSpecimen","PreservedSpecimen","present","","true","true","G. Martinelli; E. Martins, N. Pougy, D. Maurenza & M.Verdi","Rafaela Campostrini Forzza","2016-01-01","18163","","","true","false","false","false","false","true","false","false","false","false","true","false","false","false","true","false","false","false"
"6aff5593-78d7-40a8-90d3-495e85b0a739","dr286","Herbário do Estado ""Maria Eneyda P. Kaufmann Fidalgo"" - Coleção de Fanerógamas","in72","Instituto de Botânica de São Paulo","co156","Herbário Maria Eneyda P. Kaufmann Fidalgo","CC-BY-NC 4.0 (Int)","179858A","314074","Encholirium subsecundum","","Encholirium subsecundum","species","","Plantae","Tracheophyta","Liliopsida","Poales","Bromeliaceae","Encholirium","Encholirium subsecundum","Instituto de Botânica","SP","Serra do Cipó, Km 106 ao longo da Rodovia Belo Horizonte - Conceição do Mato Dentro. Estrada da Usina. 8km da pousada.","","","","","","","Brasil","","","","","","","1982","02","PreservedSpecimen","PreservedSpecimen","present","","true","","Lewis, G; et al.","Forzza, RC","2001-01-01","CFSC7755","","","true","false","false","false","false","false","false","false","false","false","true","false","false","false","false","false","false","false"
"5d7a6f5d-8c67-4561-88bf-31985c3cfa4c","dr277","Base de dados do Herbário Leopoldo Krieger","in46","Universidade Federal de Juiz de Fora","co154","Herbário Leopoldo Krieger","CC-BY-NC","10170","314074","Encholirium subsecundum (Baker) Mez","","Encholirium subsecundum","species","","Plantae","Tracheophyta","Liliopsida","Poales","Bromeliaceae","Encholirium","Encholirium subsecundum","UFJF","CESJ","","0","0","","","","","","","-9999.0","0.0","","","","1971","02","PreservedSpecimen","PreservedSpecimen","present","","true","","Pedro Ivo","G. Martinelli","","s.n.","","","true","false","false","false","false","true","false","false","false","false","true","false","false","false","false","true","true","true"
"41f1e272-586e-45eb-b97b-f26d65575a15","dr216","Herbário RB - Rio de Janeiro Botanical Garden Herbarium Collection","in5","Instituto de Pesquisas Jardim Botânico do Rio de Janeiro","co125","Herbário RB","CC-BY 4.0 (Int)","RB01045080","314074","Encholirium subsecundum (Baker) Mez","","Encholirium subsecundum","species","","Plantae","Tracheophyta","Liliopsida","Poales","Bromeliaceae","Encholirium","Encholirium subsecundum","JBRJ","RB","Estrada São Gonçalo das Pedras-Diamantina.","-18.3550000","-43.5527778","","-18.355","-43.5527778","","Brasil","","","","","","","2014","02","PreservedSpecimen","PreservedSpecimen","present","","true","true","G. Martinelli; E. Martins, N. Pougy, D. Maurenza & M. Verdi","Rafaela Campostrini Forzza","2016-01-01","18213","","","true","false","false","false","false","true","false","false","false","false","true","false","false","false","true","false","false","false"
"346b1bc0-605d-41da-93af-277fcee832ed","dr277","Base de dados do Herbário Leopoldo Krieger","in46","Universidade Federal de Juiz de Fora","co154","Herbário Leopoldo Krieger","CC-BY-NC","10180","314074","Encholirium subsecundum (Baker) Mez","","Encholirium subsecundum","species","","Plantae","Tracheophyta","Liliopsida","Poales","Bromeliaceae","Encholirium","Encholirium subsecundum","UFJF","CESJ","Serra do Cipó","0","0","","","","","","","-9999.0","0.0","","","","1971","02","PreservedSpecimen","PreservedSpecimen","present","","true","","L. Krieger","R.C. Forzza","2016-01-01","CESJ10180","","","true","false","false","false","false","true","false","false","false","false","true","false","false","false","false","true","true","true"
"ef9a80f3-10a9-4878-8724-0af3eb490790","dr216","Herbário RB - Rio de Janeiro Botanical Garden Herbarium Collection","in5","Instituto de Pesquisas Jardim Botânico do Rio de Janeiro","co125","Herbário RB","CC-BY 4.0 (Int)","RB00642208","314074","Encholirium subsecundum (Baker) Mez","","Encholirium subsecundum","species","","Plantae","Tracheophyta","Liliopsida","Poales","Bromeliaceae","Encholirium","Encholirium subsecundum","JBRJ","RB","Serra do Cipó, Km 118 da estrada para o Morro do Pilar, afloramento de quartzito.","","","","","","","Brasil","","","","","","","1976","06","PreservedSpecimen","PreservedSpecimen","present","","true","","G. Martinelli","R.C. Forzza","2001-01-01","914","","","true","false","false","false","false","false","false","false","false","false","true","false","false","false","true","false","false","false"
"89e15a74-8d97-4a15-b24e-d35605aa15d0","dr216","Herbário RB - Rio de Janeiro Botanical Garden Herbarium Collection","in5","Instituto de Pesquisas Jardim Botânico do Rio de Janeiro","co125","Herbário RB","CC-BY 4.0 (Int)","RB00572475","314074","Encholirium subsecundum (Baker) Mez","","Encholirium subsecundum","species","","Plantae","Tracheophyta","Liliopsida","Poales","Bromeliaceae","Encholirium","Encholirium subsecundum","JBRJ","RB","estr. Mato Verde. a montezuma, alto da serra.","-15.3866666","-42.7788889","","-15.3866666","-42.7788889","","Brasil","","998.0","998.0","","","","2008","06","PreservedSpecimen","PreservedSpecimen","present","","true","true","E. Leme; C.C. Paula","-42.7788889","","7457","","","true","false","false","false","false","true","false","false","false","false","true","false","false","false","false","false","false","false"
"86056e6b-dfd6-42e1-8da3-65d001217f40","dr425","Base de dados do Herbário Rioclarense da UNESP","in43","Universidade Estadual Paulista","co197","Herbário Rioclarense","CC-BY-NC","16144","314074","Encholirium subsecundum","","Encholirium subsecundum","species","","Plantae","Tracheophyta","Liliopsida","Poales","Bromeliaceae","Encholirium","Encholirium subsecundum","Universidade Estadual Paulista, UNESP","HRCB","Serra do Cipó","-19.2833329999999989","-43.6000000000000014","","-19.283333","-43.6","","","","","","","","","1990","06","PreservedSpecimen","PreservedSpecimen","present","","true","true","Faria, G.M.","","","0","","","true","false","false","false","false","true","false","true","false","false","true","true","false","false","false","false","false","false"
"824493bc-7e21-4c1e-a359-b4a827a40c07","dr266","Herbário da Universidade Federal de Minas Gerais","in19","Universidade Federal de Minas Gerais","co132","Herbário da Universidade Federal de Minas Gerais","CC-BY-NC 4.0 (Int)","191653","314074","Encholirium subsecundum","","Encholirium subsecundum","species","","Plantae","Tracheophyta","Liliopsida","Poales","Bromeliaceae","Encholirium","Encholirium subsecundum","Universidade Federal de Minas Gerais","BHCB","Parque Estadual do Pico do Itambé","-18.456944","-43.3394440000000003","","-18.456944","-43.339444","","","","938.0","938.0","","","","2018","06","PreservedSpecimen","PreservedSpecimen","present","","true","true","Souza, JAM; Paiva, JAM; Silva, SHA","","2018-08-17","307","","","true","false","false","false","false","true","false","false","false","false","true","false","false","false","false","false","false","false"
"a26b71c8-57a9-4a8c-b1aa-d7a635ca7638","dr242","Herbário do Museu Botânico Municipal de Curitiba - MBM","in41","Museu Botânico Municipal","co131","Herbário do MBM","","24001","314074","Encholirium subsecundum (Baker) Mez","","Encholirium subsecundum","species","","Plantae","Tracheophyta","Liliopsida","Poales","Bromeliaceae","Encholirium","Encholirium subsecundum","MBM","HMBM","Í_x0002_","0","0","","","","","","","0.0","0.0","","","","1972","08","PreservedSpecimen","PreservedSpecimen","present","","true","","Hatschbach, G.","Smith, L.B.","","29883","","","true","true","false","false","false","true","false","false","false","false","true","false","false","false","false","true","true","true"
"f3ba55c1-2be9-4e26-9c10-9cd6a172f841","dr216","Herbário RB - Rio de Janeiro Botanical Garden Herbarium Collection","in5","Instituto de Pesquisas Jardim Botânico do Rio de Janeiro","co125","Herbário RB","CC-BY 4.0 (Int)","RB00642223","314074","Encholirium subsecundum (Baker) Mez","","Encholirium subsecundum","species","","Plantae","Tracheophyta","Liliopsida","Poales","Bromeliaceae","Encholirium","Encholirium subsecundum","JBRJ","RB","Rio Prata.","","","","","","","Brasil","","","","","","","1955","05","PreservedSpecimen","PreservedSpecimen","present","","true","","Edmundo Pereira","R.C. Forzza","2001-01-01","1655","","","true","false","false","false","false","false","false","false","false","false","true","false","false","false","false","false","false","false"
"dd386a04-a562-4b87-b9d3-b83b5ef512ca","dr216","Herbário RB - Rio de Janeiro Botanical Garden Herbarium Collection","in5","Instituto de Pesquisas Jardim Botânico do Rio de Janeiro","co125","Herbário RB","CC-BY 4.0 (Int)","RB00641754","314074","Encholirium subsecundum (Baker) Mez","","Encholirium subsecundum","species","","Plantae","Tracheophyta","Liliopsida","Poales","Bromeliaceae","Encholirium","Encholirium subsecundum","JBRJ","RB","Serra do Cipó.","","","","","","","Brasil","","","","","","","1974","05","PreservedSpecimen","PreservedSpecimen","present","","true","","G. Martinelli","R.C. Forzza","2001-01-01","278","","","true","false","false","false","false","false","false","false","false","false","true","false","false","false","true","false","false","false"
"cdd3643d-fa7f-4a45-8708-cc44b336291e","dr216","Herbário RB - Rio de Janeiro Botanical Garden Herbarium Collection","in5","Instituto de Pesquisas Jardim Botânico do Rio de Janeiro","co125","Herbário RB","CC-BY 4.0 (Int)","RB00568933","314074","Encholirium subsecundum (Baker) Mez","","Encholirium subsecundum","species","","Plantae","Tracheophyta","Liliopsida","Poales","Bromeliaceae","Encholirium","Encholirium subsecundum","JBRJ","RB","Arredores de Datas. Afloramentos rochosos a NO de Datas.","-18.4530556","-43.6502778","","-18.4530556","-43.6502778","","Brasil","","1252.0","1252.0","","","","2009","05","PreservedSpecimen","PreservedSpecimen","present","","true","true","M.M. Saavedra; R.C. Forzza, L. Menini Neto, J.C. Silva","R.C. Forzza","2009-01-01","894","","","true","false","false","false","false","true","true","false","false","false","true","false","false","false","false","false","false","false"
"bfaf59e4-149e-41da-9dc2-bf1bf01c54de","dr286","Herbário do Estado ""Maria Eneyda P. Kaufmann Fidalgo"" - Coleção de Fanerógamas","in72","Instituto de Botânica de São Paulo","co156","Herbário Maria Eneyda P. Kaufmann Fidalgo","CC-BY-NC 4.0 (Int)","276577","314074","Encholirium subsecundum","","Encholirium subsecundum","species","","Plantae","Tracheophyta","Liliopsida","Poales","Bromeliaceae","Encholirium","Encholirium subsecundum","Instituto de Botânica","SP","Serra do Cipó, Km 109 da Rodovia Belo Horizonte - Conceição do Mato Dentro. Próximo à estrada da Usina Dr. Pacífico Mascarenhas.","","","","","","","Brasil","","","","","","","1991","05","PreservedSpecimen","PreservedSpecimen","present","","true","","Pirani, JR; et al.","Forzza, RC","2001-01-01","CFSC12351","","","true","false","false","false","false","false","false","false","false","false","true","false","false","false","false","false","false","false"
"07401437-d415-4c2f-880f-84778a55a295","dr245","","","","","","","6787","314074","Encholirium subsecundum (Baker) Mez","","Encholirium subsecundum","species","","Plantae","Tracheophyta","Liliopsida","Poales","Bromeliaceae","Encholirium","Encholirium subsecundum","UNICAMP","UEC","Estrada para juramento, a 3km SE de Mont","0","0","","","","","","","0.0","0.0","","","","1977","05","PreservedSpecimen","PreservedSpecimen","present","","true","","Gibbs, P.E.; Abbott, R.; Andrade, J.B.","Forzza, R.C.","2001-01-01","5143","","","true","true","false","false","false","true","false","false","false","false","true","false","false","false","false","true","true","true"
"e1b088e6-069c-457f-bb5f-3377ab242732","dr216","Herbário RB - Rio de Janeiro Botanical Garden Herbarium Collection","in5","Instituto de Pesquisas Jardim Botânico do Rio de Janeiro","co125","Herbário RB","CC-BY 4.0 (Int)","RB00641805","314074","Encholirium subsecundum (Baker) Mez","","Encholirium subsecundum","species","","Plantae","Tracheophyta","Liliopsida","Poales","Bromeliaceae","Encholirium","Encholirium subsecundum","JBRJ","RB","estrada para Conceição do Mato Dentro, próximo ao Chapeú do Sol, campos rupestres.Serra do Cipó.","","","","","","","Brasil","","","","","","","1979","12","PreservedSpecimen","PreservedSpecimen","present","","true","","G. Martinelli; Geraldo Smith","","","6311","","","true","false","false","false","false","false","false","false","false","false","true","false","false","false","false","false","false","false"
"afed21b8-eabc-447f-8c64-cc2a9c7f7500","dr216","Herbário RB - Rio de Janeiro Botanical Garden Herbarium Collection","in5","Instituto de Pesquisas Jardim Botânico do Rio de Janeiro","co125","Herbário RB","CC-BY 4.0 (Int)","RB00641741","314074","Encholirium subsecundum (Baker) Mez","","Encholirium subsecundum","species","","Plantae","Tracheophyta","Liliopsida","Poales","Bromeliaceae","Encholirium","Encholirium subsecundum","JBRJ","RB","Serra do Cipó. Km 131. Palacio.","","","","","","","Brasil","","","","","","","1950","04","PreservedSpecimen","PreservedSpecimen","present","","true","","A.P. Duarte","R.C. Forzza","2001-01-01","2624","","","true","false","false","false","false","false","false","false","false","false","true","false","false","false","false","false","false","false"
"956e01d4-6c68-4f74-83ff-b159d3753ebd","dr216","Herbário RB - Rio de Janeiro Botanical Garden Herbarium Collection","in5","Instituto de Pesquisas Jardim Botânico do Rio de Janeiro","co125","Herbário RB","CC-BY 4.0 (Int)","RB00641818","314074","Encholirium subsecundum (Baker) Mez","","Encholirium subsecundum","species","","Plantae","Tracheophyta","Liliopsida","Poales","Bromeliaceae","Encholirium","Encholirium subsecundum","JBRJ","RB","Estrada Diamantina- Couto Magalhães, Km 04, campus rupestres.","","","","","","","Brasil","","","","","","","1983","04","PreservedSpecimen","PreservedSpecimen","present","","true","","G. Martinelli","","","9197","","","true","false","false","false","false","false","false","false","false","false","true","false","false","false","false","false","false","false"
"f05a83d6-af7e-42b0-aa10-ac842b678b38","dr216","Herbário RB - Rio de Janeiro Botanical Garden Herbarium Collection","in5","Instituto de Pesquisas Jardim Botânico do Rio de Janeiro","co125","Herbário RB","CC-BY 4.0 (Int)","RB00641798","314074","Encholirium subsecundum (Baker) Mez","","Encholirium subsecundum","species","","Plantae","Tracheophyta","Liliopsida","Poales","Bromeliaceae","Encholirium","Encholirium subsecundum","JBRJ","RB","Serra do Cipó, Rio Santo Antônio.","","","","","","","Brasil","","","","","","","1977","07","PreservedSpecimen","PreservedSpecimen","present","","true","","G. Martinelli","R.C. Forzza","2001-01-01","2614","","","true","false","false","false","false","false","false","false","false","false","true","false","false","false","true","false","false","false"
"d2e46995-f945-4b88-8728-44cebf9b1290","dr216","Herbário RB - Rio de Janeiro Botanical Garden Herbarium Collection","in5","Instituto de Pesquisas Jardim Botânico do Rio de Janeiro","co125","Herbário RB","CC-BY 4.0 (Int)","RB00641802","314074","Encholirium subsecundum (Baker) Mez","","Encholirium subsecundum","species","","Plantae","Tracheophyta","Liliopsida","Poales","Bromeliaceae","Encholirium","Encholirium subsecundum","JBRJ","RB","serra do cipó","","","","","","","Brasil","","","","","","","1908","07","PreservedSpecimen","PreservedSpecimen","present","","true","","[L. Damazio]","L.B. Smith","","","","","true","false","false","false","false","false","false","false","false","false","true","false","false","false","false","false","false","false"
"ad129e43-8157-45e9-bfd5-e5d875a7e121","dr216","Herbário RB - Rio de Janeiro Botanical Garden Herbarium Collection","in5","Instituto de Pesquisas Jardim Botânico do Rio de Janeiro","co125","Herbário RB","CC-BY 4.0 (Int)","RB00641744","314074","Encholirium subsecundum (Baker) Mez","","Encholirium subsecundum","species","","Plantae","Tracheophyta","Liliopsida","Poales","Bromeliaceae","Encholirium","Encholirium subsecundum","JBRJ","RB","Serra do Cipó, próximo ao Km 127.","","","","","","","Brasil","","","","","","","1977","07","PreservedSpecimen","PreservedSpecimen","present","","true","","G. Martinelli; Aderito Távora","R.C. Forzza","2001-01-01","2632","","","true","false","false","false","false","false","false","false","false","false","true","false","false","false","false","false","false","false"
"abba07a1-60cd-403f-8ef8-f9e076119cb2","dr286","Herbário do Estado ""Maria Eneyda P. Kaufmann Fidalgo"" - Coleção de Fanerógamas","in72","Instituto de Botânica de São Paulo","co156","Herbário Maria Eneyda P. Kaufmann Fidalgo","CC-BY-NC 4.0 (Int)","44725","314074","Encholirium subsecundum","","Encholirium subsecundum","species","","Plantae","Tracheophyta","Liliopsida","Poales","Bromeliaceae","Encholirium","Encholirium subsecundum","Instituto de Botânica","SP","Serra do Cipó","","","","","","","Brasil","","","","","","","1940","07","PreservedSpecimen","PreservedSpecimen","present","","true","","Foster, M; Foster, R","Forzza, RC","2001-01-01","640","","","true","false","false","false","false","false","false","false","false","false","true","false","false","false","false","false","false","false"
"941d02bc-1fdd-4282-9ef2-38d9a7fc6152","dr266","Herbário da Universidade Federal de Minas Gerais","in19","Universidade Federal de Minas Gerais","co132","Herbário da Universidade Federal de Minas Gerais","CC-BY-NC 4.0 (Int)","144550","314074","Encholirium subsecundum","","Encholirium subsecundum","species","","Plantae","Tracheophyta","Liliopsida","Poales","Bromeliaceae","Encholirium","Encholirium subsecundum","Universidade Federal de Minas Gerais","BHCB","Parque Nacional da Serra do Cipó, Alto do Palácio","-19.25","-43.5166669999999982","","-19.25","-43.516667","","","","1400.0","1400.0","","","","2007","07","PreservedSpecimen","PreservedSpecimen","present","","true","true","Rodrigues, LC","","","39","","","true","false","false","false","false","true","false","false","false","false","true","false","false","false","false","false","false","false"
"606fbcd5-cc24-4205-a271-12d873a925bc","dr216","Herbário RB - Rio de Janeiro Botanical Garden Herbarium Collection","in5","Instituto de Pesquisas Jardim Botânico do Rio de Janeiro","co125","Herbário RB","CC-BY 4.0 (Int)","RB01369497","314074","Encholirium subsecundum (Baker) Mez","","Encholirium subsecundum","species","","Plantae","Tracheophyta","Liliopsida","Poales","Bromeliaceae","Encholirium","Encholirium subsecundum","JBRJ","RB","P.E. Biribiri, Paciência, próx. córrego Paciência","-18.1883333","-43.6650000","","-18.1883333","-43.665","","Brasil","","","","","","","2010","07","PreservedSpecimen","PreservedSpecimen","present","","true","true","E.M.C. Leme","","","8397","","","true","false","false","false","false","true","false","false","false","false","true","false","false","false","false","false","false","false"
"cc9e6ebe-ce6e-4c83-9eba-b3ac716669b3","dr242","Herbário do Museu Botânico Municipal de Curitiba - MBM","in41","Museu Botânico Municipal","co131","Herbário do MBM","","226895","314074","Encholirium subsecundum (Baker) Mez","","Encholirium subsecundum","species","","Plantae","Tracheophyta","Liliopsida","Poales","Bromeliaceae","Encholirium","Encholirium subsecundum","MBM","HMBM","Í_x0002_","0","0","","","","","","","0.0","0.0","","","","1997","11","PreservedSpecimen","PreservedSpecimen","present","","true","","Hatschbach, G.; Hatschbach, M.; Barboza, E.; Hatschbach, M.; Barboza, E.","Forzza, R.C.","","67356","","","true","true","false","false","false","true","false","false","false","false","true","false","false","false","false","true","true","true"
"b5c05cc8-9192-46dd-b22f-4738df4388c1","dr269","Herbário do Departamento de Botânica da Universidade Federal de Santa Catarina","in53","Universidade Federal de Santa Catarina","co147","Herbário do Departamento de Botânica da UFSC","CC-BY-NC 4.0 (Int)","45695","314074","Encholirium subsecundum","","Encholirium subsecundum","species","","Plantae","Tracheophyta","Liliopsida","Poales","Bromeliaceae","Encholirium","Encholirium subsecundum","Universidade Federal de Santa Catarina","FLOR","Morro das Tocas.","-12.7166669999999993","-39.7000000000000028","","-12.716667","-39.7","","","","310.0","310.0","","","","1995","11","PreservedSpecimen","PreservedSpecimen","present","","true","true","França, F.; et alii","","","1418","","","true","false","false","false","false","true","false","false","false","false","true","false","false","false","false","false","false","false"
"b45edcc9-9eb4-4701-816f-290d66414d72","dr286","Herbário do Estado ""Maria Eneyda P. Kaufmann Fidalgo"" - Coleção de Fanerógamas","in72","Instituto de Botânica de São Paulo","co156","Herbário Maria Eneyda P. Kaufmann Fidalgo","CC-BY-NC 4.0 (Int)","320292","314074","Encholirium subsecundum","","Encholirium subsecundum","species","","Plantae","Tracheophyta","Liliopsida","Poales","Bromeliaceae","Encholirium","Encholirium subsecundum","Instituto de Botânica","SP","Ápice do Morro do Agenor.","","","","","","","Brasil","","1460.0","1460.0","","","","1995","11","PreservedSpecimen","PreservedSpecimen","present","","true","","França, F; et al.","Wanderley, MGL","1997-04-10","1487","","","true","false","false","false","false","false","false","false","false","false","true","false","false","false","false","false","false","false"
"96239c8c-7a81-4b7a-bd8b-0631cb6f1799","dr216","Herbário RB - Rio de Janeiro Botanical Garden Herbarium Collection","in5","Instituto de Pesquisas Jardim Botânico do Rio de Janeiro","co125","Herbário RB","CC-BY 4.0 (Int)","RB01218940","314074","Encholirium subsecundum (Baker) Mez","","Encholirium subsecundum","species","","Plantae","Tracheophyta","Liliopsida","Poales","Bromeliaceae","Encholirium","Encholirium subsecundum","JBRJ","RB","córrego Jequitaí. campos rupestres com afloramentos rochosos. Parque Nacional Sempre Vivas","-17.8916666","-43.8063889","","-17.8916666","-43.8063889","","Brasil","","","","","","","2016","11","PreservedSpecimen","PreservedSpecimen","present","","true","true","G. Martinelli; T.Lima, D.Maurenza","R.C.FORZZA","","19565","","","true","false","false","true","false","true","false","false","false","false","true","false","false","false","true","false","false","false"
"5b6f630a-7eec-4158-8a32-98040e0ad47a","dr286","Herbário do Estado ""Maria Eneyda P. Kaufmann Fidalgo"" - Coleção de Fanerógamas","in72","Instituto de Botânica de São Paulo","co156","Herbário Maria Eneyda P. Kaufmann Fidalgo","CC-BY-NC 4.0 (Int)","320317","314074","Encholirium subsecundum","","Encholirium subsecundum","species","","Plantae","Tracheophyta","Liliopsida","Poales","Bromeliaceae","Encholirium","Encholirium subsecundum","Instituto de Botânica","SP","Morro das Tocas.","","","","","","","Brasil","","310.0","430.0","","","","1995","11","PreservedSpecimen","PreservedSpecimen","present","","true","","França, F; et al.","Wanderley, MGL","1997-04-10","1418","","","true","false","false","false","false","false","false","false","false","false","true","false","false","false","false","false","false","false"
"f745ce83-68c9-44df-96e4-a863f1f6318f","dr216","Herbário RB - Rio de Janeiro Botanical Garden Herbarium Collection","in5","Instituto de Pesquisas Jardim Botânico do Rio de Janeiro","co125","Herbário RB","CC-BY 4.0 (Int)","RB00642190","314074","Encholirium subsecundum (Baker) Mez","","Encholirium subsecundum","species","","Plantae","Tracheophyta","Liliopsida","Poales","Bromeliaceae","Encholirium","Encholirium subsecundum","JBRJ","RB","Região do Palmito, caminho para areal.","","","","","","","Brasil","","","","","","","2006","01","PreservedSpecimen","PreservedSpecimen","present","","true","","Lúcia Pangaio","R.C. Forzza","2006-10-15","528","","","true","false","false","false","false","false","false","false","false","false","true","false","false","false","false","false","false","false"
"f6015623-22c7-4c18-946d-be1acb5e7802","dr392","Amostras de plantas repatriadas do Meise Botanic Garden da Bélgica","","","","","CC-BY 4.0 (Int)","BR0000005909094","314074","Encholirium subsecundum Mez","","Encholirium subsecundum","species","","Plantae","Tracheophyta","Liliopsida","Poales","Bromeliaceae","Encholirium","Encholirium subsecundum","BR","","","","","","","","","Brasil","","","","","","","1816","01","MachineObservation","machineObservation","present","","true","","De Saint-Hilaire A.","","","E496","","","true","false","true","true","true","false","false","false","false","false","true","false","false","false","false","false","false","false"
"efde0e47-332e-440f-8960-57b682b92ed0","dr216","Herbário RB - Rio de Janeiro Botanical Garden Herbarium Collection","in5","Instituto de Pesquisas Jardim Botânico do Rio de Janeiro","co125","Herbário RB","CC-BY 4.0 (Int)","RB00641788","314074","Encholirium subsecundum (Baker) Mez","","Encholirium subsecundum","species","","Plantae","Tracheophyta","Liliopsida","Poales","Bromeliaceae","Encholirium","Encholirium subsecundum","JBRJ","RB","Serra da Carapina ( Serra Talhada segundo Folha do IBGE).","-18.8666667","-43.2333333","","-18.8666667","-43.2333333","","Brasil","","","","","","","2000","01","PreservedSpecimen","PreservedSpecimen","present","","true","true","R.C. Forzza; J.R. Pirani; A.C.M. Marcato; M.C. Assis & A. Rapini","R.C. Forzza","2003-01-01","700","","","true","false","false","false","false","true","false","false","false","false","true","false","false","false","true","false","false","false"
"15607c37-75f4-4547-8436-118715e78810","dr216","Herbário RB - Rio de Janeiro Botanical Garden Herbarium Collection","in5","Instituto de Pesquisas Jardim Botânico do Rio de Janeiro","co125","Herbário RB","CC-BY 4.0 (Int)","RB01369474","314074","Encholirium subsecundum (Baker) Mez","","Encholirium subsecundum","species","","Plantae","Tracheophyta","Liliopsida","Poales","Bromeliaceae","Encholirium","Encholirium subsecundum","JBRJ","RB","Próximo Gouveia","1100","","","","","","Brasil","","","","","","","1995","01","PreservedSpecimen","PreservedSpecimen","present","","true","","E.M.C. Leme; P. Nahoum; H.E. Luther; W. Till; D. Benzing","","","2872","","","true","false","false","false","false","false","false","false","false","false","true","false","false","false","false","false","false","false"
"f50157ef-4f94-45de-bcb1-da03ddb4bbb1","dr266","Herbário da Universidade Federal de Minas Gerais","in19","Universidade Federal de Minas Gerais","co132","Herbário da Universidade Federal de Minas Gerais","CC-BY-NC 4.0 (Int)","98963","314074","Encholirium subsecundum","","Encholirium subsecundum","species","","Plantae","Tracheophyta","Liliopsida","Poales","Bromeliaceae","Encholirium","Encholirium subsecundum","Universidade Federal de Minas Gerais","BHCB","Fazenda Tamanduá - Plantar MG 15.","","","","","","","Brasil","","0.0","0.0","","","","2004","10","PreservedSpecimen","PreservedSpecimen","present","","true","","Tameirão Neto, E","","","4169","","","true","false","false","false","false","false","false","false","false","false","true","false","false","false","false","false","false","false"
"8738297d-3fdb-48b2-a175-e5b054d1c7d1","dr216","Herbário RB - Rio de Janeiro Botanical Garden Herbarium Collection","in5","Instituto de Pesquisas Jardim Botânico do Rio de Janeiro","co125","Herbário RB","CC-BY 4.0 (Int)","RB00642217","314074","Encholirium subsecundum (Baker) Mez","","Encholirium subsecundum","species","","Plantae","Tracheophyta","Liliopsida","Poales","Bromeliaceae","Encholirium","Encholirium subsecundum","JBRJ","RB","Pedra Menina. Fazenda da Vargem da Angélica. Morro da Virada do Mato Virgem.","","","","","","","Brasil","","","","","","","1984","10","PreservedSpecimen","PreservedSpecimen","present","","true","","M. Meguro; E. Isejima; R. Mello Silva & J. Pirani","R.C. Forzza","2001-01-01","","","","true","false","false","false","false","false","false","false","false","false","true","false","false","false","true","false","false","false"
"d960aebe-b4b2-4a70-afa2-083a92670cfd","dr266","Herbário da Universidade Federal de Minas Gerais","in19","Universidade Federal de Minas Gerais","co132","Herbário da Universidade Federal de Minas Gerais","CC-BY-NC 4.0 (Int)","40170","314074","Encholirium subsecundum","","Encholirium subsecundum","species","","Plantae","Tracheophyta","Liliopsida","Poales","Bromeliaceae","Encholirium","Encholirium subsecundum","Universidade Federal de Minas Gerais","BHCB","Capivari.","","","","","","","Brasil","","0.0","0.0","","","","","","PreservedSpecimen","PreservedSpecimen","present","","true","","","","","s.n.","","","true","false","false","false","false","false","false","true","true","false","true","false","false","false","false","false","false","false"
"9b2cb1bd-1cd7-4b1c-9e40-4b5189ffbf8f","dr266","Herbário da Universidade Federal de Minas Gerais","in19","Universidade Federal de Minas Gerais","co132","Herbário da Universidade Federal de Minas Gerais","CC-BY-NC 4.0 (Int)","70384","314074","Encholirium subsecundum","","Encholirium subsecundum","species","","Plantae","Tracheophyta","Liliopsida","Poales","Bromeliaceae","Encholirium","Encholirium subsecundum","Universidade Federal de Minas Gerais","BHCB","","","","","","","","Brasil","","0.0","0.0","","","","","","PreservedSpecimen","PreservedSpecimen","present","","true","","Forzza, RC","","","592","","","true","false","false","false","false","false","false","true","true","false","true","false","false","false","false","false","false","false"
"5b33c29e-d5dd-4c7c-961b-53049f811c0b","dr217","Projeto Flora do Brasil 2020","","","","","CC-BY-NC","","314074","Encholirium subsecundum (Baker) Mez","","Encholirium subsecundum","species","","Plantae","Tracheophyta","Liliopsida","Poales","Bromeliaceae","Encholirium","Encholirium subsecundum","","","","","","","","","","","","","","","","","","","","","present","","true","","","","","","","","true","false","false","false","false","false","false","true","true","false","true","false","false","false","false","false","false","false"
"11b32ed2-0723-4ab6-82ad-b8db6c15a70d","dr266","Herbário da Universidade Federal de Minas Gerais","in19","Universidade Federal de Minas Gerais","co132","Herbário da Universidade Federal de Minas Gerais","CC-BY-NC 4.0 (Int)","40165","314074","Encholirium subsecundum","","Encholirium subsecundum","species","","Plantae","Tracheophyta","Liliopsida","Poales","Bromeliaceae","Encholirium","Encholirium subsecundum","Universidade Federal de Minas Gerais","BHCB","Cruzeiro. Mato Grosso.","","","","","","","Brasil","","0.0","0.0","","","","","","PreservedSpecimen","PreservedSpecimen","present","","true","","","","","s.n.","","","true","false","false","false","false","false","false","true","true","false","true","false","false","false","false","false","false","false"
"10f797eb-413d-4d17-9575-f57d624f1268","dr324","Base de dados repatriados do tropicos.org","","","","","CC0","3000623","314074","Encholirium subsecundum Mez","","Encholirium subsecundum","species","","Plantae","Tracheophyta","Liliopsida","Poales","Bromeliaceae","Encholirium","Encholirium subsecundum","MO","MO","","","","","","","","Brazil","","","","","","","","","PreservedSpecimen","PreservedSpecimen","present","","true","","A. Saint-Hilaire","","","Saint-Hilaire E 496","","","true","false","true","false","false","false","false","true","true","false","true","false","false","false","false","false","false","false"
"fc509b5d-c21d-42f8-87cd-ea810f15bca5","dr216","Herbário RB - Rio de Janeiro Botanical Garden Herbarium Collection","in5","Instituto de Pesquisas Jardim Botânico do Rio de Janeiro","co125","Herbário RB","CC-BY 4.0 (Int)","RB01365068","314074","Encholirium subsecundum (Baker) Mez","","Encholirium subsecundum","species","","Plantae","Tracheophyta","Liliopsida","Poales","Bromeliaceae","Encholirium","Encholirium subsecundum","JBRJ","RB","Serro","-18.4725000","-43.4450000","","-18.4725","-43.445","","Brasil","","1130.0","1130.0","","","","2017","09","PreservedSpecimen","PreservedSpecimen","present","","true","true","Barbosa-Silva, R.G.; Silva, J.L.","R.C.FORZZA","2018-01-01","937","","","true","false","false","false","false","true","false","false","false","false","true","false","false","false","false","false","false","false"
"de2a3828-f13c-4fba-97b3-f28fb75fa2f5","dr286","Herbário do Estado ""Maria Eneyda P. Kaufmann Fidalgo"" - Coleção de Fanerógamas","in72","Instituto de Botânica de São Paulo","co156","Herbário Maria Eneyda P. Kaufmann Fidalgo","CC-BY-NC 4.0 (Int)","276579","314074","Encholirium subsecundum","","Encholirium subsecundum","species","","Plantae","Tracheophyta","Liliopsida","Poales","Bromeliaceae","Encholirium","Encholirium subsecundum","Instituto de Botânica","SP","Serra do Cabral, Fazenda da Onça.","","","","","","","Brasil","","1100.0","1100.0","","","","1985","09","PreservedSpecimen","PreservedSpecimen","present","","true","","Cavalcanti, TB; et al.","Forzza, RC","1998-02-01","CFCR8145","","","true","false","false","true","false","false","false","false","false","false","true","false","false","false","false","false","false","false"
"d2805715-ce0f-4374-8d38-72b7f32f84f7","dr245","","","","","","","48773","314074","Encholirium subsecundum (Baker) Mez","","Encholirium subsecundum","species","","Plantae","Tracheophyta","Liliopsida","Poales","Bromeliaceae","Encholirium","Encholirium subsecundum","UNICAMP","UEC","ChapÃ©u de Sol  Just below km 110","0","0","","","","","","","0.0","0.0","","","","1985","09","PreservedSpecimen","PreservedSpecimen","present","","true","","Hutchison, P.C.; PÃ¡ffaro, J.L.","Forzza, R.C.","2001-01-01","8905","","","true","true","false","false","false","true","false","false","false","false","true","false","false","false","false","true","true","true"
"9a4a634e-1c42-44c4-9bb7-4099b4928c52","dr216","Herbário RB - Rio de Janeiro Botanical Garden Herbarium Collection","in5","Instituto de Pesquisas Jardim Botânico do Rio de Janeiro","co125","Herbário RB","CC-BY 4.0 (Int)","RB00660454","314074","Encholirium subsecundum (Baker) Mez","","Encholirium subsecundum","species","","Plantae","Tracheophyta","Liliopsida","Poales","Bromeliaceae","Encholirium","Encholirium subsecundum","JBRJ","RB","Estrada Serro-Diamantina, cerca de 40 Km de Diamantina, perto da placa de Nascente do Rio Jequitinhonha.","","","","","","","Brasil","","","","","","","2011","09","PreservedSpecimen","PreservedSpecimen","present","","true","","F. Santos-Silva; R. Ribeiro & R.F. Monteiro","R.C.FORZZA","2018-01-01","27","","","true","false","false","false","false","false","false","false","false","false","true","false","false","false","false","false","false","false"
"96f239a0-06f8-46c6-ace1-55776891f744","dr266","Herbário da Universidade Federal de Minas Gerais","in19","Universidade Federal de Minas Gerais","co132","Herbário da Universidade Federal de Minas Gerais","CC-BY-NC 4.0 (Int)","41588","314074","Encholirium subsecundum","","Encholirium subsecundum","species","","Plantae","Tracheophyta","Liliopsida","Poales","Bromeliaceae","Encholirium","Encholirium subsecundum","Universidade Federal de Minas Gerais","BHCB","Fazenda da Jaguara","","","","","","","Brasil","","0.0","0.0","","","","1968","09","PreservedSpecimen","PreservedSpecimen","present","","true","","Duarte, AP","","","s.n.","","","true","false","false","false","false","false","false","false","false","false","true","false","false","false","false","false","false","false"
"d8447236-c096-423b-9567-b75756c05b64","dr263","Herbário da Escola Superior de Agricultura Luiz de Queiroz","in51","Escola Superior de Agricultura Luiz de Queiroz","co142","Herbário da ESALQ","CC-BY-NC 4.0 (Int)","20324","314074","Encholirium subsecundum","","Encholirium subsecundum","species","","Plantae","Tracheophyta","Liliopsida","Poales","Bromeliaceae","Encholirium","Encholirium subsecundum","Universidade de São Paulo","ESA","","","","","","","","Brasil","","","","","","","1995","03","PreservedSpecimen","PreservedSpecimen","present","","true","","Souza, V.C. et al.","Forzza, R.C.","","8315.0","","","true","false","false","false","false","false","false","false","false","false","true","false","false","false","false","false","false","false"
"9a8d0f6c-bc3d-4a7f-bd8a-d95a88633f27","dr247","Base de dados do Herbário da UnB","","","","","","","314074","Encholirium subsecundum (Baker) Mez","","Encholirium subsecundum","species","","Plantae","Tracheophyta","Liliopsida","Poales","Bromeliaceae","Encholirium","Encholirium subsecundum","HUB","HUB","Serra do Cipó","0","0","","","","","","","-9999.0","0.0","","","","1958","03","PreservedSpecimen","PreservedSpecimen","present","","true","","Heringer, EP; Castellanos","Forzza, RC","2001-01-01","6087","","","true","false","false","false","false","true","false","false","false","false","true","false","true","true","false","true","true","true"
"9515ec9a-29e1-4838-8bcb-3ee7e782434f","dr245","","","","","","","46648","314074","Encholirium subsecundum (Baker) Mez","","Encholirium subsecundum","species","","Plantae","Tracheophyta","Liliopsida","Poales","Bromeliaceae","Encholirium","Encholirium subsecundum","UNICAMP","UEC","Serra do CipÃ³, km 123","0","0","","","","","","","0.0","0.0","","","","1987","03","PreservedSpecimen","PreservedSpecimen","present","","true","","Sazima, M.","Forzza, R.C.","2001-01-01","18953","","","true","true","false","false","false","true","false","false","false","false","true","false","false","false","false","true","true","true"
"56ce6eeb-0d6a-4e4a-b279-f0b8d910dc55","dr266","Herbário da Universidade Federal de Minas Gerais","in19","Universidade Federal de Minas Gerais","co132","Herbário da Universidade Federal de Minas Gerais","CC-BY-NC 4.0 (Int)","18472","314074","Encholirium subsecundum","","Encholirium subsecundum","species","","Plantae","Tracheophyta","Liliopsida","Poales","Bromeliaceae","Encholirium","Encholirium subsecundum","Universidade Federal de Minas Gerais","BHCB","Milho Verde","","","","","","","Brasil","","0.0","0.0","","","","1990","03","PreservedSpecimen","PreservedSpecimen","present","","true","","Stehmann, JR","","","s.n.","","","true","false","false","false","false","false","false","false","false","false","true","false","false","false","false","false","false","false"
"48067b9a-ef58-46e2-af74-371ab4d9601f","dr247","Base de dados do Herbário da UnB","","","","","","","314074","Encholirium subsecundum (Baker) Mez","","Encholirium subsecundum","species","","Plantae","Tracheophyta","Liliopsida","Poales","Bromeliaceae","Encholirium","Encholirium subsecundum","HUB","HUB","Ca. de 100 km ao nordeste de Diamantina","-18.5","-43.5","","-18.5","-43.5","","","","0.0","1000.0","","","","1995","03","PreservedSpecimen","PreservedSpecimen","present","","true","true","Splett, S","Forzza, RC","2001-01-01","882","","","true","false","false","false","false","true","false","false","false","true","true","false","true","true","false","false","false","false"
"140f3b97-e32f-4982-a419-271d329eb78b","dr247","Base de dados do Herbário da UnB","","","","","","","314074","Encholirium subsecundum (Baker) Mez","","Encholirium subsecundum","species","","Plantae","Tracheophyta","Liliopsida","Poales","Bromeliaceae","Encholirium","Encholirium subsecundum","HUB","HUB","Ca. 15 km E of Diamantina","0","0","","","","","","","0.0","975.0","","","","1970","03","PreservedSpecimen","PreservedSpecimen","present","","true","","Irwin, H; Fonsêca, SF; Souza, R; Santos, RR; Ramos, J","Forzza, RC","2001-01-01","27932","","","true","false","false","false","false","true","false","false","false","true","true","false","true","true","false","true","true","true"
